{
  "project_info": {
    "project_number": "1089066929779",
    "project_id": "wolfoobirthdayparty2",
    "storage_bucket": "wolfoobirthdayparty2.appspot.com"
  },
  "client": [
    {
      "client_info": {
        "mobilesdk_app_id": "1:1089066929779:android:45e1730ac6df37d3f96406",
        "android_client_info": {
          "package_name": "wolfoo.birthdayparty.celebrate.kidgame.toddler"
        }
      },
      "oauth_client": [
        {
          "client_id": "1089066929779-gvipq86i36o13ems10udt0br1f94gsrv.apps.googleusercontent.com",
          "client_type": 3
        }
      ],
      "api_key": [
        {
          "current_key": "AIzaSyAFh-jkgVrEWyj3Lq3qwwQK0gK5jzurN20"
        }
      ],
      "services": {
        "appinvite_service": {
          "other_platform_oauth_client": [
            {
              "client_id": "1089066929779-gvipq86i36o13ems10udt0br1f94gsrv.apps.googleusercontent.com",
              "client_type": 3
            },
            {
              "client_id": "1089066929779-0a5cpced3kci5a3abkgp2t45bba3fgdv.apps.googleusercontent.com",
              "client_type": 2,
              "ios_info": {
                "bundle_id": "wolfoo.birthdayparty.celebrate.toddler.kidgame",
                "app_store_id": "6446516131"
              }
            }
          ]
        }
      }
    }
  ],
  "configuration_version": "1"
}